,gene,loading
0,NME1-NME2|NME1-NME2,-0.21997996784621032
1,SMIM11A|SMIM11A,-0.2091030107151426
2,RNU1-2|RNU1-2,-0.1840893482155093
3,BMS1P18|BMS1P18,-0.16770165691915404
4,NUDT4P1|NUDT4P1,-0.1659595972945675
5,POLE2|POLE2,-0.13505107750647938
6,MIR6076|MIR6076,-0.13359944236888305
7,ATP6V1C2|ATP6V1C2,-0.1060672704801146
8,SNORD116-5|SNORD116-5,-0.10148099763050615
9,BAGE5|BAGE5,-0.0954112750826387
