,gene,loading
0,NME1-NME2|NME1-NME2,-0.2199799678462104
1,SMIM11A|SMIM11A,-0.20910301071514298
2,RNU1-2|RNU1-2,-0.18408934821550907
3,BMS1P18|BMS1P18,-0.1677016569191535
4,NUDT4P1|NUDT4P1,-0.165959597294567
5,POLE2|POLE2,-0.13505107750648054
6,MIR6076|MIR6076,-0.13359944236888416
7,ATP6V1C2|ATP6V1C2,-0.10606727048011423
8,SNORD116-5|SNORD116-5,-0.10148099763050739
9,BAGE5|BAGE5,-0.09541127508263952
