,PC1,PC2
LNCaP_DHT_RNA_rep1_batch,9.148111184340937,5.32254314549372
LNCaP_DHT_RNA_rep2_batch,9.63440550166389,-5.216600633546853
LNCaP_Veh_RNA_rep1_batch,-9.47472373442234,-3.483709772000131
LNCaP_Veh_RNA_rep2_batch,-9.3077929515825,3.3777672600532593
