,PC1,PC2
LNCaP_DHT_RNA_rep1,9.080616025212063,5.709589095517112
LNCaP_DHT_RNA_rep2,9.716045382103335,-5.568928925205948
LNCaP_Veh_RNA_rep1,-9.551795840061441,-3.1309898332813844
LNCaP_Veh_RNA_rep2,-9.244865567253953,2.9903296629702223
