,gene,loading
0,MYZAP|MYZAP,0.07805475567434339
1,BAGE4|BAGE4,0.08520862556697954
2,HYPK|HYPK,0.08805764171129227
3,TGIF2-C20orf24|TGIF2-C20orf24,0.08884440292724431
4,BAGE3|BAGE3,0.0893685008969141
5,STBD1|STBD1,0.09539474302576692
6,SENP3-EIF4A1|SENP3-EIF4A1,0.10230278237615333
7,VCY|VCY,0.12278906868462579
8,PIGY|PIGY,0.12885359562437998
9,GAGE2A|GAGE2A,0.1776703000320812
