,gene,loading
0,MYZAP|MYZAP,0.07805475567434349
1,BAGE4|BAGE4,0.08520862556697925
2,HYPK|HYPK,0.08805764171129228
3,TGIF2-C20orf24|TGIF2-C20orf24,0.0888444029272445
4,BAGE3|BAGE3,0.08936850089691403
5,STBD1|STBD1,0.09539474302576698
6,SENP3-EIF4A1|SENP3-EIF4A1,0.10230278237615333
7,VCY|VCY,0.12278906868462597
8,PIGY|PIGY,0.12885359562437942
9,GAGE2A|GAGE2A,0.17767030003208048
