,PC1,PC2
LNCaP_DHT_RNA_rep1,-10.26303313408327,-5.794809149741853
LNCaP_DHT_RNA_rep2,-11.818983454814624,5.8833162173716556
LNCaP_Veh_RNA_rep1,12.546515896890579,3.6221862679444685
LNCaP_Veh_RNA_rep2,9.535500692007323,-3.710693335574268
