"","LNCaP_DHT_RNA_rep1_batch","LNCaP_DHT_RNA_rep2_batch","LNCaP_Veh_RNA_rep1_batch","LNCaP_Veh_RNA_rep2_batch"
"LNCaP_DHT_RNA_rep1_batch",1,0.944924079389278,0.936641532700347,0.936583043681157
"LNCaP_DHT_RNA_rep2_batch",0.944924079389278,1,0.934053334282839,0.93640976408558
"LNCaP_Veh_RNA_rep1_batch",0.936641532700347,0.934053334282839,1,0.943604687671599
"LNCaP_Veh_RNA_rep2_batch",0.936583043681157,0.93640976408558,0.943604687671599,1
