"","LNCaP_DHT_RNA_rep1_batch","LNCaP_DHT_RNA_rep2_batch","LNCaP_Veh_RNA_rep1_batch","LNCaP_Veh_RNA_rep2_batch"
"LNCaP_DHT_RNA_rep1_batch",1,0.987539411145678,0.983962582030149,0.984332825653741
"LNCaP_DHT_RNA_rep2_batch",0.987539411145678,1,0.984162712970597,0.98473323380879
"LNCaP_Veh_RNA_rep1_batch",0.983962582030149,0.984162712970597,1,0.987405082772387
"LNCaP_Veh_RNA_rep2_batch",0.984332825653741,0.98473323380879,0.987405082772387,1
