Category	Term	Count	GeneRatio	PValue	Genes	List Total	Pop Hits	Pop Total	Fold Enrichment	Bonferroni	Benjamini	FDR
KEGG_PATHWAY	hsa03010:Ribosome	6	9.375	1.9150055617624394E-4	RPS16, RPL32, RPL22L1, RPS27A, MRPL33, RPS12	29	167	8465	10.487301259549865	0.021409135168323434	0.021639562847915565	0.021639562847915565
KEGG_PATHWAY	hsa03040:Spliceosome	6	9.375	6.418425153380799E-4	PRPF38B, U2AF2, SNRPB2, SRSF5, SRSF6, HNRNPA1L2	29	217	8465	8.070872397902432	0.0699821412294579	0.032731170396691274	0.032731170396691274
KEGG_PATHWAY	hsa05171:Coronavirus disease - COVID-19	6	9.375	8.689691255758746E-4	NFKBIA, RPS16, RPL32, RPL22L1, RPS27A, RPS12	29	232	8465	7.549048751486326	0.09356522096252884	0.032731170396691274	0.032731170396691274
KEGG_PATHWAY	hsa05131:Shigellosis	4	6.25	0.04700916219069613	NFKBIA, BCL2, ARPC5, RPS27A	29	247	8465	4.727069663548792	0.9956646321002648	1.0	1.0
KEGG_PATHWAY	hsa05162:Measles	3	4.6875	0.07667726442943122	NFKBIA, EIF2AK1, BCL2	29	139	8465	6.2999255767799545	0.9998783957242878	1.0	1.0
KEGG_PATHWAY	hsa04936:Alcoholic liver disease	3	4.6875	0.07955655366110445	NFKBIA, ACADVL, ADH1C	29	142	8465	6.1668285575522095	0.9999145576051894	1.0	1.0
KEGG_PATHWAY	hsa05168:Herpes simplex virus 1 infection	5	7.8125	0.08572728020277083	NFKBIA, EIF2AK1, BCL2, SRSF5, SRSF6	29	512	8465	2.8505522629310347	0.999960045928694	1.0	1.0
KEGG_PATHWAY	hsa05160:Hepatitis C	3	4.6875	0.09444854548397308	NFKBIA, CLDN8, EIF2AK1	29	157	8465	5.577641115747859	0.9999864735456693	1.0	1.0
KEGG_PATHWAY	hsa05161:Hepatitis B	3	4.6875	0.09958369436787423	NFKBIA, CCNA2, BCL2	29	162	8465	5.405491698595147	0.9999928862488803	1.0	1.0