,PC1,PC2
LNCaP_DHT_RNA_rep1,25.807490822279437,3.1680102736404834
LNCaP_DHT_RNA_rep2,40.11615851183185,-6.172330985917056
LNCaP_Veh_RNA_rep1,-36.376590282479256,-37.28230313997207
LNCaP_Veh_RNA_rep2,-29.54705905163202,40.286623852248646
