,gene,loading
0,NM_001308096,0.05323679047145158
1,NR_130112,0.05497599331956315
2,NM_001271665,0.06054556875600578
3,NM_001280790,0.06055558385530161
4,NR_046269_2,0.070012761834185
5,NM_001282625,0.07251941279007082
6,NM_001002033,0.07396531497593087
7,NM_001242891,0.07826522345904685
8,NR_046269,0.0803133804633866
9,NM_001130523,0.08121330923112112
