,gene,loading
0,NR_111944_2,-0.08598519246993234
1,NR_111944,-0.08499145598374716
2,NR_004430,-0.08135049076526274
3,NM_001914,-0.0752303917510626
4,NR_004394_9,-0.06940473508122988
5,NM_001206798,-0.0627174342907086
6,NR_104080_9,-0.06205658603968603
7,NM_002967,-0.06146489483256089
8,NM_001166356,-0.060739958588513686
9,NM_001280791,-0.05974132482902005
