,PC1,PC2
LNCaP_DHT_RNA_rep1,24.313830128932256,1.8783301440560922
LNCaP_DHT_RNA_rep2,36.84366236102929,-4.796111790412682
LNCaP_Veh_RNA_rep1,-33.565398258824224,-35.41501128265118
LNCaP_Veh_RNA_rep2,-27.592094231137327,38.33279292900775
