,gene,loading
0,NM_001135101,0.05406538227963771
1,NR_130112,0.05552373855503488
2,NM_001271665,0.05987489203904033
3,NM_001280790,0.06165647658004595
4,NR_046269_2,0.07167169148299578
5,NM_001002033,0.07369222815818309
6,NM_001282625,0.07416152207316716
7,NM_001242891,0.08057755131639964
8,NR_046269,0.08252204685092161
9,NM_001130523,0.08332347819534525
