,gene,loading
0,NR_073590,-0.04944889795252789
1,NM_001283042,-0.048692284505828985
2,NM_001146116,-0.047374791109210064
3,NM_001170704,-0.0451422372152228
4,NM_006400,-0.044591655611864074
5,NR_027948,-0.04395775406949918
6,NM_001178120,-0.043228502416338584
7,NM_001130079,-0.042962048187975596
8,NM_001292006,-0.042793973762462495
9,NM_001142805,-0.04245946072316962
