,gene,loading
0,NR_033441,0.04052272872945168
1,NM_139067,0.04303549105339195
2,NM_001142293,0.043117167470493524
3,NM_006715,0.04378083573799372
4,NM_004536_5,0.04396895324316336
5,NM_001267613,0.04403123687852994
6,NM_004536_2,0.04501104005512923
7,NM_001293640,0.04767111224569133
8,NR_040110,0.047830228418983864
9,NM_001254732,0.04881274974845581
