,PC1,PC2
LNCaP_DHT_RNA_rep1,-52.55591038599492,-55.476758408459176
LNCaP_DHT_RNA_rep2,-49.48963261500014,56.699967946390025
LNCaP_Veh_RNA_rep1,55.03085382016742,-6.494645080890754
LNCaP_Veh_RNA_rep2,47.01468918082764,5.271435542959849
